track_id,track_name,artist_names,album_name,duration_ms,popularity,explicit
2Yi8ZEVOJavmqB25X9S39g,Wake Up,Lil Skies,Wake Up,174545,44,True
2acCrpnHeM7XlylIU0Xczd,Intergalactic Icons,"Logic, Conway the Machine, Riff Raff",Intergalactic Icons,212062,48,True
0PqtNNc7QhuKJ9eOgFWLj6,Alguno De Estos Días,Aleks Syntek,Mundo Lite,254040,17,False
2QiqwOVUctPRVggO9G1Zs5,Wake Up,Rage Against The Machine,Rage Against The Machine - XX (20th Anniversary Special Edition),363853,63,False
4WMlnX8iQpzksHfUGYe4Rw,No Olvidamos,Molotov,Sólo D’Lira,274991,40,True
0qiYnY0y5P9gqq6THGzhaI,Another Dimension,Pop Money,METRO BOOMIN PRESENTS SPIDER-MAN: ACROSS THE SPIDER-VERSE (SOUNDTRACK FROM AND INSPIRED BY THE MOTION PICTURE / DELUXE EDITION),179333,60,False
7uVNNZdotwXeSfQZ8bV7If,Ya No Estoy,Los Mesoneros,Indeleble,223813,33,False
20I8RduZC2PWMWTDCZuuAN,Take Me Out,Franz Ferdinand,Franz Ferdinand,237026,81,False
1MQTmpYOZ6fcMQc56Hdo7T,Sleep Now In the Fire,Rage Against The Machine,The Battle Of Los Angeles,205600,67,False
2hjQWuAy9fsSykGerWU8Wi,"Burning Heart - From ""Rocky IV"" Soundtrack",Survivor,The Essential Survivor,230413,47,False
4EjbAh7YHU3VARkfkamZ8R,The Pale Moonlight,Kid Cudi,Man On The Moon III: The Chosen,176293,49,True
3sjtQ07ptlPzw2N4YmGW3S,Super,Cordae,From a Birds Eye View,177553,61,True
74lnM5V6ecvoTPV0fvptx9,Nuketown (feat. Juice WRLD),"Ski Mask The Slump God, Juice WRLD",STOKELEY,166400,73,True
2gDJhVspNZPpCEyzR9zOY0,The Numbers,Rise Against,Nowhere Generation,299946,44,True
74wpYGsVh2J13iAmmg1Uln,The Mantra (with Pharrell & Kendrick Lamar),"Mike WiLL Made-It, Pharrell Williams, Kendrick Lamar",Creed II: The Album,247687,47,True
5XeSAezNDk9tuw3viiCbZ3,Get Up Offa That Thing,James Brown,The 50th Anniversary Collection,239733,62,False
1gGcKk7W1priUoTwotuoqT,Microphone Fiend,Rage Against The Machine,Renegades,301533,49,False
0fJvhWbJ4xac8CApZYwz29,El Abrazo,Juanes,Vida Cotidiana (Deluxe Version),186293,28,False
4s6vwFgPdCtidpEw8KuQT6,REPEAT IT (with Gunna),"Lil Tecca, Gunna",We Love You Tecca 2,190344,59,True
2p9sprAX27D6U5cuSE9NsM,When I B On Tha Mic,Rakim,The Master,222933,62,True
719muV16yNGh6AxmCeMby1,Rock Bottom - 2007 Remaster,UFO,Phenomenon (2007 Remaster),389333,53,False
5BAwVGuohBVscZWyoLCkkG,Travellin' Man (Remastered),"dj honda, Mos Def",Travellin' Man (Remastered),318573,52,False
6C2PfemHQul77DVpnvuAIs,Gonna Fly Now,Bill Conti,Rocky III: Music From The Motion Picture,170240,54,False
5OWF7n0zX8kyTJvv1jTvZX,Puto,Molotov,Donde Jugaran Las Niñas,127373,49,True
2oSPru8bef0EMhF9tvMSLn,Down With the King (feat. Pete Rock & C.L. Smooth),"Run–D.M.C., Pete Rock, C.L. Smooth",Down With The King,302626,48,False
1lATXTBJDHwawvT1UfxWu3,The Pot,TOOL,"10,000 Days",381946,70,True
52qhXwLTCCCkwUTlQYxNRR,Dragon,King Gizzard & The Lizard Wizard,Dragon,584699,30,False
0Hc5hvE10GhQnJxQQLaXPk,Slouch,Dance Gavin Dance,Artificial Selection,190956,36,False
3S68RFe1lsdCdTMPIMJM3X,Cash In Cash Out,"Pharrell Williams, 21 Savage, Tyler, The Creator",Cash In Cash Out,216135,69,True
2Ee9amLUslOwgoJWZEpSSD,Mystery Lady (feat. Don Toliver),"Masego, Don Toliver",Mystery Lady (feat. Don Toliver),228453,59,False
1WIZiOuNO3woKfdlSK2gNn,Transportin',Kodak Black,Project Baby 2: All Grown Up,169344,74,True
2R711v6UpsgYvDuzCJ1iSl,fafo,Zack Fox,fafo,159451,0,True
4pL01X6Og8L9kJRTB65Hsz,Sos Todo Lo Que Está Bien,Silvestre y La Naranja,ANIM4LES,115568,65,False
0MHHAIjPAd3OSfBS3H0fPg,My God Is the Sun,Queens of the Stone Age,...Like Clockwork,235400,56,False
0QXB4jXrS4We0xJwuQ5u91,Snake,Freddie Dredd,Dredd,73901,51,True
32BEasyNQgqXQJKoVa0fUw,Black Smoke Rising,Greta Van Fleet,From The Fires,259893,66,False
0RGtMGYaz9esrHsFiC8TJR,Seer,Witch,Witch,477920,42,False
34WmTDrVvUoYTfSdfbyZhE,Another Dimension,Pop Money,METRO BOOMIN PRESENTS SPIDER-MAN: ACROSS THE SPIDER-VERSE (SOUNDTRACK FROM AND INSPIRED BY THE MOTION PICTURE / DELUXE EDITION),179333,0,False
0cbAF0iJ9bqLtpNuEzeTA4,Slouch,Dance Gavin Dance,Artificial Selection,190956,0,False
2c8sgbZoEanC3QyFNZxUcA,Flexicution,Logic,Bobby Tarantino,218946,60,True
3ddFdBlBbu15hcJmEK0tLd,Watching Me (with Rae Sremmurd & Kodak Black),"Mike WiLL Made-It, Rae Sremmurd, Kodak Black",Creed II: The Album,257251,39,True
7o2Vk2ozntHju6LqFsXMjc,Weather Strike,"Tom Morello, Pussy Riot",Weather Strike,211026,27,True
4QbCUutUlQDSBS4mtVOuZI,Doomsday Pt. 2 (with Eminem),"Lyrical Lemonade, Eminem",All Is Yellow,110520,71,True
59N5Xs2k47ESLEeRB84hWW,fafo,Zack Fox,shut the fuck up talking to me,158466,57,True
1GzE0fPtJ4kWRz5vqJ2Pwb,Tore A Hole,Tiger Trap,Tiger Trap,118173,20,False
4EFxQ2V4NhYkN46eslYEWs,Top O' the Morning to Ya,House Of Pain,House of Pain (Fine Malt Lyrics),216319,53,True
1v3rQg6uPY6AnOY5TtxN7I,La Carencia,Panteon Rococo,Compañeros Musicales,213720,65,False
2gTTLirnoym2z5Bk0zkw6J,Rabbit Hole,False Heads,It's All There but You're Dreaming,239000,32,False
0cOXDRG1giESc1QVrHpbGE,Amateur (Rock Me Amadeus),Molotov,Con Todo Respeto,259600,58,True
7rtcBPsHDLeYW9cHDrO0NB,Lotus 72 D - Fast Version,Zé Roberto,Lotus 72 D,180490,55,False
0b18g3G5spr4ZCkz7Y6Q0Q,Rasputin,"Majestic, Boney M.",Rasputin,186209,80,False
5K01nzQ7g6KY25WZYlGVPL,Free Love,Cage The Elephant,Cage The Elephant (Expanded Edition),208533,37,False
1Qdnvn4XlmZANCVy3XjrQo,Show Me How to Live,Audioslave,Audioslave,277840,70,False
37CoOXIsgF3NzbK1zHZetk,Mona Lisa (Spider-Man: Across the Spider-Verse),Dominic Fike,Mona Lisa (Spider-Man: Across the Spider-Verse),186066,70,False
1nThz7yEG2vbyI4UmInj5z,Number One - Bankai,"Shiro SAGISU, Hazel Fernandes",Number One - Bankai,276746,59,False
2rzafMh8q10vQGixcHupCh,Back From The Dead,House Of Pain,Same As It Ever Was,212306,53,True
2bfGNzdiRa1jXZRdfssSzR,Dirty Harry,"Gorillaz, Bootie Brown",Demon Days,230426,72,False
4K1DB7EedHPuVnhVrnvf2U,How I Could Just Kill a Man,Rage Against The Machine,Renegades,244693,60,True
68JYjVc7SMhvzRYSq29sbJ,The Robot With Human Hair pt. 2,Dance Gavin Dance,Whatever I Say Is Royal Ocean,345746,32,False
18zG4sti0gnHNnobLOBjmr,Won't Take Me Alive,Dirty Honey,Won't Take Me Alive,225596,44,False
6hqIXyo6GxydAnoI8XeIrV,Rusty Cage - Remastered 2016,Soundgarden,Badmotorfinger (25th Anniversary Remaster),266200,64,False
3b1IQflSLrgzYQPGFzI9cl,Es Por Ti,Juanes,Un Día Normal,250693,79,False
5FJBIe3cG4y9uUaIxuP4vH,Morfina (feat. Paloma Mami),"Prince Royce, Paloma Mami",LLAMADA PERDIDA,229474,56,False
2SHuJzIrFTWNkHjOTPwyxX,With The Fish (with $not & 6 Dogs),"Lyrical Lemonade, $NOT, 6 Dogs",All Is Yellow,131351,52,True
2X5SHv5ubRTNIgMxxCPYdo,Ceremony,Deftones,Ohms,207752,57,False
6GeNWEE6sxYf5hMO93gw42,Different Breed (feat. Swae Lee & Latto),"Mike WiLL Made-It, Swae Lee, Latto",Different Breed (feat. Swae Lee & Latto),175764,47,True
6geuGKb1jKb6TV8sGE5eaC,Back Foot,Dinosaur Pile-Up,Celebrity Mansions,188653,48,True
0oakHTPj4SF7Si0NAsLwi8,Las flores,Café Tacvba,Re,135133,66,False
4scqfHWE0J9dgdbjqstjS3,Kill Or Be Killed,Muse,Will Of The People,299060,52,False
7aewPE2qqi9OlnG4HSDZnO,Darkness,Rage Against The Machine,The Crow Original Motion Picture Soundtrack,222333,47,False
39MK3d3fonIP8Mz9oHCTBB,"Annihilate (Spider-Man: Across the Spider-Verse) (Metro Boomin & Swae Lee, Lil Wayne, Offset)","Metro Boomin, Swae Lee, Lil Wayne, Offset",METRO BOOMIN PRESENTS SPIDER-MAN: ACROSS THE SPIDER-VERSE (SOUNDTRACK FROM AND INSPIRED BY THE MOTION PICTURE),231746,76,False
4HSAJpNocVNJbwbQvtCMdO,Signs,"Snoop Dogg, Charlie Wilson, Justin Timberlake",R&G (Rhythm & Gangsta): The Masterpiece,236480,65,True
3GSMdtJphymHEsR8K9jT5Q,Locos,León Larregui,Voluma,177600,77,False
19WJ1TEz7RlwUrt7NFEW7t,Prospect (feat. Lil Baby),"iann dior, Lil Baby",I'm Gone,226313,60,True
5zH710lFSLtkHbMkslLDjR,Crazy On You,Heart,Dreamboat Annie,293440,71,False
79PaeaCZXyeu2C5XeSBzIv,Fate (with Young Thug & Swae Lee),"Mike WiLL Made-It, Young Thug, Swae Lee",Creed II: The Album,262885,44,True
3X6qK1LdMkSOhklwRa2ZfG,Danger (Spider) (Offset & JID),"Offset, JID",METRO BOOMIN PRESENTS SPIDER-MAN: ACROSS THE SPIDER-VERSE (SOUNDTRACK FROM AND INSPIRED BY THE MOTION PICTURE),205266,63,False
4wRJHXHDJnKSPr9IVn0BFR,To The Bone (feat. YoungBoy Never Broke Again),"Quavo, Takeoff, YoungBoy Never Broke Again",Only Built For Infinity Links,283196,63,True
5fpizYGbi5IQoEraj6FP0R,Intergalactic - Remastered 2009,Beastie Boys,Hello Nasty (Deluxe Edition/Remastered),231493,69,False
5CT3zRd2FKM7F81KEacXIP,"This My Life (with Lil Tecca, The Kid LAROI & Lil Skies)","Lyrical Lemonade, Lil Tecca, The Kid LAROI, Lil Skies",All Is Yellow,169014,65,True
1nmZ8yqKkfooOuYvtFctDp,Heat Of The Moment,Asia,Asia,227893,69,False
2oaK4JLVnmRGIO9ytBE1bt,Dark Necessities,Red Hot Chili Peppers,The Getaway,302000,75,False
56sk7jBpZV0CD31G9hEU3b,Animal I Have Become,Three Days Grace,One-X,231400,78,False
5NnaDqigmS0gw970okC3dR,There is Nothing New Under the Sun,Slomosa,Slomosa,237574,37,False
34HgIvucTKJvDgzHVMaGLG,I Think I Left the Stove On,Hotel Ugly,I Think I Left the Stove On,202490,72,False
2J7IDapWgrILBNqwnv0Vr0,Boss Up,Lil Skies,Life of a Dark Rose,156456,45,True
47GRdmNagVyganN98PEjBb,Rumbera,Systema Solar,Rumbera,212520,16,False
4aVuWgvD0X63hcOCnZtNFA,Hold the Line,TOTO,Toto,235546,85,False
1wsRitfRRtWyEapl0q22o8,Guerrilla Radio,Rage Against The Machine,The Battle Of Los Angeles,206200,71,True
5D0cMtWT1lDXrEAM0ylifs,Neon,Patterns,Neon,249230,19,False
0SA0mMXWh23raZ6xzOCU2V,She,"Tyler, The Creator, Frank Ocean",Goblin,253386,77,True
40L8L7344pPMCjlZc19RQU,Down Rodeo,Rage Against The Machine,Evil Empire,320626,57,True
2zthTpUG0c2VBckCowNbRk,Runnin Out Of Time,Lil Skies,Out Ur Body Music,179200,45,True
59WN2psjkt1tyaxjspN8fp,Killing In The Name,Rage Against The Machine,Rage Against The Machine - XX (20th Anniversary Special Edition),313573,81,True
0FdCFfb5xb7thJMaSjLFsH,"Stand Up (Tom Morello, Shea Diamond, Dan Reynolds & The Bloody Beetroots)","Tom Morello, Shea Diamond, Dan Reynolds, The Bloody Beetroots","Stand Up (Tom Morello, Shea Diamond, Dan Reynolds & The Bloody Beetroots)",193770,34,False
2zFeidZdxQprVl4Zzjj7Rv,Chinga Tu Madre,Molotov,Donde Jugaran Las Niñas,198626,43,True
46gSk82duJtX3TTA182ruG,This fffire - New Version,Franz Ferdinand,This fffire,218080,67,False
4A6alYY1CriDmRLrX0NV3a,Después,Okills,América Supersónica,236453,38,False
5P6NlUiOSbzXOYv8TViw2Z,Parallels,Dance Gavin Dance,Afterburner,216666,36,True
6HexNTb392JS071DoTGo0y,Hummingbird (Metro Boomin & James Blake),"Metro Boomin, James Blake",METRO BOOMIN PRESENTS SPIDER-MAN: ACROSS THE SPIDER-VERSE (SOUNDTRACK FROM AND INSPIRED BY THE MOTION PICTURE),319493,70,False
2bvbLvGD7YnS4Nhf9E4hUl,Heartache,Toby Fox,UNDERTALE Soundtrack,108451,55,False
6o90x8ufulA9DL4qJrj5l0,Ego,Molotov,Sólo D’Lira,191555,29,False
1hR0fIFK2qRG3f3RF70pb7,Calm Like a Bomb,Rage Against The Machine,The Battle Of Los Angeles,298893,55,False
4XwmdaPVSHsvxsuKS7HBdl,World Rage,Lil Skies,World Rage,135418,47,True
6o6z02bBWMKXjJjvFxqfMm,Swervin',"MemoTheMafioso, C Loccs",Swervin',165147,55,True
0oXLSuno5adlHcPzlzs8l6,Duele El Amor,"Aleks Syntek, Ana Torroja",Mundo Lite,275373,70,False
7llSV9mWATUeGNxJMik2Vg,"Lo Mejor, Lo Peor",Okills,América Supersónica,223186,52,False
6GMCHNjNGqyKdhyNEpP6c8,La Diabla - Versión Banda,"Alex Sensation, Banda El Recodo",Esta Vida Es Muy Bonita,214186,19,False
4c4TCbToFf6X8CncWJuHa3,She's a Lover,Red Hot Chili Peppers,Unlimited Love,221092,57,False
0PEogXgSTxYjiL9oltS2Oc,Citizen Erased,Muse,Origin of Symmetry,441093,39,False
0GGfGINoVYiSFXPOjg3RHj,Found (feat. Brent Faiyaz),"Tems, Brent Faiyaz",Found (feat. Brent Faiyaz),209454,69,False
21Xc8hEIzv81jwiftI4hJB,The First Taste,Fiona Apple,Tidal,286960,58,False
3jy0VPEpbkIrNWf0HHEyDa,Vocales de amor,Joan Soriano,El Duque de la Bachata,310613,48,False
1MhSd5tH31uW1VaZR01oxF,The Robot With Human Hair pt. 1,Dance Gavin Dance,Whatever I Say Is Royal Ocean,254293,35,False
4UvkQecqZuZfQIJ2DZrZcR,Doomsday (with Juice WRLD & Cordae),"Lyrical Lemonade, Juice WRLD, Cordae",All Is Yellow,150967,65,True
0jij5hQGegNdleEAoXKHmx,Man Of The Year,Dance Gavin Dance,Mothership,334400,47,False
1bBAdiS3gPVB3qQKTf20q8,Buscándola,Maná,Falta Amor,245600,54,False
4HW5kSQ8M2IQWZhSxERvla,Spice Girl,Aminé,Good For You,173946,61,True
2kS6td1yvmpNgZTt1q5pQq,Hayloft,Mother Mother,O My Heart,181680,31,False
2qhwi3NhtDBidqgf1351HJ,Dissonance,Surely Tempo,"Days So Bitter, Yet So Sweet",158000,48,False
37NFt4wrkwtwzaB9pa33AJ,Gustándonos,Odisseo,Gustándonos,188655,30,False
26w9NTiE9NGjW1ZvIOd1So,BOOKER T,Bad Bunny,EL ÚLTIMO TOUR DEL MUNDO,156430,73,True
6GsP3uMCd0Dn5T37C93waZ,Sick Love,Red Hot Chili Peppers,The Getaway,221440,66,False
3SUusuA9jH1v6PVwtYMbdv,Last Nite,The Strokes,Is This It,193373,68,False
7LSCNf8JdikmxM59iT1Cr4,Arriesgando El Corazón,Aleks Syntek,Mundo Lite,292200,20,False
39UIXeyE7ocwdpA7PWJYDo,Traviesa,"Raymix, Horacio Palencia, Aczino",Te Voy A Conquistar,159560,38,False
5O612Iau2nHDR3yv8jAFXs,Respiro (Cap. 8),"Siddhartha, Ximena Sariñana",MEMORIA FUTURO,221390,62,False
6O3D5ai8UmEHwyicBq07pk,Cámara De Faltas,Enjambre,Enjambre Y Los Huéspedes Del Orbe,223440,60,False
2m9dpUx3PkIOa2LPfDbSA8,Son of Robot,Dance Gavin Dance,Artificial Selection,238984,52,False
6MtKObWYda2qnNIpJI21uD,Pursuit Of Happiness (Nightmare),"Kid Cudi, MGMT, Ratatat",Man On The Moon: The End Of Day (Deluxe),295293,71,True
7hoQEkOJojMIm93o0upvxx,FTW (F**k The World) [with A$AP Rocky & Tom Morello],"A$AP Rocky, Tom Morello",FTW (F**k The World) [with A$AP Rocky & Tom Morello] [From Bright: The Album],143413,27,True
12UgxYOGvFcuFlIf95vEGr,Stop Giving Me Advice (with Jack Harlow & Dave),"Lyrical Lemonade, Jack Harlow, Dave",All Is Yellow,242453,62,True
1V8XneTrX6kKeoxYbk4x6h,Hablamos Mañana,"Bad Bunny, Duki, Pablo Chill-E",YHLQMDLG,240253,70,False
2rBHnIxbhkMGLpqmsNX91M,Bombtrack,Rage Against The Machine,Rage Against The Machine - XX (20th Anniversary Special Edition),243453,67,True
5Ty1B6gHqh0joQx6ChbxiH,Snakecharmer,Rage Against The Machine,Evil Empire,235400,46,True
0mwPE0lPOgnWf2bo14xedJ,Fuego,Juanes,Mis Planes Son Amarte,167453,52,False
5EiOsZGd2b8Jtw0BkEIOnW,Distantes,Technicolor Fabrics,Presente,261783,25,False
5iuIqHnNiExEkoP9SIWuBw,Tora Joe,"Minyo Crusaders, Frente Cumbiero",Tora Joe,267534,23,False
5gRcv46AMTrosmTOqrOV3Q,Dumb,Nirvana,In Utero,151893,78,False
0KoBrntyQ2x6Y1eZwgGe5P,"Givin’ Up (Not The One) (Don Toliver & 21 Savage, 2 Chainz)","Don Toliver, 21 Savage, 2 Chainz",METRO BOOMIN PRESENTS SPIDER-MAN: ACROSS THE SPIDER-VERSE (SOUNDTRACK FROM AND INSPIRED BY THE MOTION PICTURE),234693,67,False
4Q6xWGX1w5HNxQgJ7F8Jtf,Veneno,Juanes,Vida Cotidiana (Deluxe Version),189293,30,True
5NMDyiJyDwyBW29WliMsV5,Two Secret Weapons,Dance Gavin Dance,Jackpot Juicer,210291,43,True
6C7ZgThn6Yan5MTZdAEEFw,Mama Said Knock You Out,LL COOL J,Mama Said Knock You Out,289693,63,True
1jaQ4o6VRWRPxzf560sMWZ,Admirador,Odisseo,Admirador,212133,33,False
3u1EbJI2d0we5F9Rh1Sb38,Ojalá,Juanes,Vida Cotidiana (Deluxe Version),193373,31,False
6NwcZFwPt3CDWGo3hFWf3D,Te Lo Advertí,Los Mesoneros,Pangea,213293,55,False
6luBKkFUt5wTwz7hpLhp12,drive ME crazy!,Lil Yachty,Let’s Start Here.,229804,75,True
1fBnzFTxI1wqtU0ZR1pxrf,C'mere,Interpol,Antics,192493,63,False
3CCf4QWbFngXoIO1cLTj1L,The Ghost of Tom Joad,Rage Against The Machine,Renegades,338333,51,False
3fkPMWQ6cBNBLuFcPyMS8s,Burnin' for You,Blue Öyster Cult,Fire of Unknown Origin,271000,67,False
4FdlNCxdyXOXKIZNKcIqAs,"Fly Away (with Sheck Wes, Ski Mask The Slump God & JID)","Lyrical Lemonade, Sheck Wes, Ski Mask The Slump God, JID",All Is Yellow,185538,63,True
5hd0Wm1LuAvo3msLCvqvA6,Down,311,Greatest Hits '93 - '03,170973,37,False
0RPLQ0S48GhCE0x1rPqFAw,Dark Out,"Global Dan, Global AzN",Global Meltdown,180080,44,True
0lsDJ0EkccufmSM43P28TQ,Pistol Grip Pump,Rage Against The Machine,Renegades,196733,56,True
2BTH9RKzclcO36gS09cLjy,No Rainy Days,Lil Skies,Shelby,175882,42,True
7wTA0NKIm6T7nP2kaymU2a,Sacrifices (with EARTHGANG & J. Cole feat. Smino & Saba),"Dreamville, EARTHGANG, J. Cole, Smino, Saba",Revenge Of The Dreamers III,382306,67,True
59GQi5m1s6ahWUIY1C4qh1,Elemento,Enjambre,Enjambre Y Los Huéspedes Del Orbe,206960,62,False
0xWjrm5J1Gn6DEECqAG0uo,A Todos Los Rumberos,"Los Ángeles Azules, Santana, Panteon Rococo",A Todos Los Rumberos,269653,36,False
25CbtOzU8Pn17SAaXFjIR3,Take The Power Back,Rage Against The Machine,Rage Against The Machine - XX (20th Anniversary Special Edition),336440,58,True
2gABnPYOMsyxThmsOQ4uWK,Tequila Sunrise,"Cypress Hill, Barron Ricks",The Essential Cypress Hill,257746,66,True
13HsOwrwTA5HgLuoaDHncP,RUNITUP (feat. Teezo Touchdown),"Tyler, The Creator, Teezo Touchdown",CALL ME IF YOU GET LOST,229564,61,True
2vLFK4t0KQwNVQvnjGuMb8,Si No Vas a Ser Tú,Young Tender,Si No Vas a Ser Tú,229225,45,False
5MzhfnyleWwDozKzGQHBdN,No Shelter,Rage Against The Machine,Godzilla - The Album,243760,45,True
6glsMWIMIxQ4BedzLqGVi4,"So Fresh, So Clean",Outkast,Stankonia,240026,72,True
0YaQuHvpSjpa8qJ8gj2WXk,Nunca Nada,Technicolor Fabrics,Ideas,253579,32,False
2E2ZVy2fxslpAUgbb4zu84,Abracadabra,Steve Miller Band,Abracadabra,308373,69,False
3rEwX4Ag28iVs3rcp5o952,Los Esclavos,"Ramona, Little Jesus",Redes Sociales,190732,42,False
6ToM0uwxtPKo9CMpbPGYvM,Break on Through (To the Other Side),The Doors,The Doors,145866,73,False
7lPjS6Yd4lRk4BsboDsm1H,Roundabout - 2008 Remaster,Yes,Fragile,515960,50,False
7yBgjTMniUHtFQGsDxXkWE,Belleza,Fármacos,Estado de Gracia,244386,40,False
3EK4tGkSiO5xvvB5sM4tln,Amárrame,"Mon Laferte, Juanes",La Trenza,207333,76,False
21wYclGDiieKf42kEWxqV9,Intergalactic Janet,Ley Soul,Intergalactic Janet,160440,55,False
63QpuNHIZ8APaK37LkV8Xd,El baile y el salón,Café Tacvba,Re,308040,64,False
0bEi4jKegSSIrj6fKUpJSu,"The Robot With Human Hair, Pt. 3",Dance Gavin Dance,Dance Gavin Dance,225813,34,True
48lQegoLqGAzaRLnMwK0mO,Freedom,Rage Against The Machine,Rage Against The Machine - XX (20th Anniversary Special Edition),366333,56,False
3K56RPWS4q200IwHiIZcUD,Andamos Mejor,Los Gemelos De Sinaloa,Andamos Mejor,137183,70,False
5RbIyBlAdDw8v64VWU6PcL,El Paraíso,Los Mesoneros,Caiga La Noche,185253,44,False
6qelrb4tpDVNdbNW6UGPNn,Guitar In My Room (with Lil Durk & Kid Cudi),"Lyrical Lemonade, Lil Durk, Kid Cudi",All Is Yellow,227647,52,True
1oYYd2gnWZYrt89EBXdFiO,Message In A Bottle,The Police,Reggatta De Blanc (Remastered 2003),290280,76,False
3ZrobdWN5kvgpPlwpzCvTt,Equilibrium (with BabyTron & G Herbo),"Lyrical Lemonade, BabyTron, G Herbo",All Is Yellow,183529,56,True
4wJKTG3bAleqUXmylh83Id,[Admire Her] (with Gunna),"Bas, Gunna",[BUMP] Pick Me Up,157777,45,True
57VeLYXrvNxe8Vs18K2M9W,Way Out (feat. Big Sean),"Jack Harlow, Big Sean",Thats What They All Say,168906,64,True
5tYosD9TicWDYO3kAE4ADp,Roll Right,Rage Against The Machine,Evil Empire,260266,50,True
3rdAz1fbUfZxYgaCviYhRo,Todo De Ti,Rauw Alejandro,VICE VERSA,199604,79,True
1UyYuaCxOF4ilkRDZ74nJW,Here I Dreamt I Was an Architect,The Decemberists,Castaways and Cutouts,269146,51,False
06qp2aPjepeepM7sYg2AVS,Loco,Juanes,Más Futuro Que Pasado,196586,34,False
6JfNsc7wg3mnKunY8gLmLg,"Special (with Latto, Swae Lee & Aminé)","Lyrical Lemonade, Latto, Swae Lee, Aminé",All Is Yellow,157090,48,True
6bs88I4enbCiWZIeD5QQ5E,Eliza Mi Hortaliza,Enjambre,Daltónico,237475,49,False
6mICuAdrwEjh6Y6lroV2Kg,Chantaje (feat. Maluma),"Shakira, Maluma",El Dorado,195840,79,False
655gNlXQ7zb9jPrTuqJ4mf,Revolver,Rage Against The Machine,Evil Empire,327946,50,True
0SGkqnVQo9KPytSri1H6cF,Bounce Back,Big Sean,I Decided.,222360,68,True
30oZjF87SHCd0CE0ttGm5U,Carita de Inocente,Prince Royce,ALTER EGO,191209,63,False
3NChI0CsfFmdyBlPRONY39,Si No Te Amara Tanto,Cuisillos De Arturo Macias,Mil Heridas,213133,44,False
0IVAlb0cFCH1cQ974iR1TU,Ms. Fat Booty,Mos Def,Black On Both Sides,223546,69,True
0ab86T6AXAUjP4M1Gw8ENT,¿Qué Nos Pasó?,DRIMS,¿Qué Nos Pasó?,210920,49,False
2FwjrbgHijrK353UA3XIIz,"The Robot With Human Hair, Pt. 2 1/2",Dance Gavin Dance,Downtown Battle Mountain II,276146,36,True
5YBVDvTSSSiqv7KZDeUlXA,Renegades Of Funk,Rage Against The Machine,Renegades,274160,65,False
3QjQp2bfAvLTCSi8Zhzqis,People of the Sun,Rage Against The Machine,Evil Empire,150066,65,False
1Wm8HQmsWZr1JFqnNLdhMI,Disco de Oro,Little Jesus,Disco de Oro,261453,38,False
1emxsD9TeAyYVRBV7In0Y5,Solo,Los Mesoneros,Caiga La Noche,215480,49,False
2tgxXENuQNFhxMuhhlcogC,Cama,SERBIA,Cama,250480,46,False
54eZmuggBFJbV7k248bTTt,A Horse with No Name,"America, George Martin",America,252239,79,False
5eYH5q40bOcyH3luSL4XaP,Estonia,Slomosa,Slomosa,267562,32,False
7EAaSaj1OgZgMX5yZyFXFC,Freaky,Tory Lanez,LoVE me NOw (ReLoAdeD),173926,51,True
7G3lxTsMfSx4yarMkfgnTC,The World Is Yours,Nas,Illmatic,290573,69,True
0tZ3mElWcr74OOhKEiNz1x,Bulls On Parade,Rage Against The Machine,Evil Empire,229466,76,True
3ONxFMHXamgGmYLPHcwECM,Ser Parte,Siddhartha,Únicos,257293,65,False
6LzjgzpVl0hB3YrBU1b8Z1,The Boss,"James Brown, The J.B.'s",Black Caesar,194866,62,False
175F5GzHWDULSODPvfgsQQ,Acaríñame,"Los Ángeles Azules, Julieta Venegas, Juan Ingaramo",De Buenos Aires Para El Mundo,203066,47,False
2LXPNLSMAauNJfnC58lSqY,Born of a Broken Man,Rage Against The Machine,The Battle Of Los Angeles,280960,53,False
3YKptz29AsOlm7WAVnztBh,Kiss from a Rose,Seal,Seal,288426,74,False
69oLqnnqggg6v7JMw9VIbf,Year of tha Boomerang,Rage Against The Machine,Evil Empire,239640,45,True
2zLpAVqDJ2YfxIFNGMS8y0,Cuando,Ruzzi,Nave Especial,206475,52,False
6PvHZ5vVjUhngh0t3pIsPc,Chocolate (feat. Young Thug and Gunna),"Quavo, Takeoff, Young Thug, Gunna",Only Built For Infinity Links,208372,55,True
6phFpARTp2T9rcNR3uRXoe,All Of The Little Things (feat. Ramirez),"Winston Surfshirt, Ramirez",All Of The Little Things (feat. Ramirez),259298,0,False
0RW1LLHYTyii6ifl1HxpKU,Si No Encuentro Palabras,DRIMS,En Medio Del Jardín,283626,42,False
11p2ty4w5GpoFL4vcK0Cru,Name in the Sand,Lil Skies,Shelby,168751,55,True
2QLEN3RVunMas7j0PHjeAT,C'mon N' Ride It (The Train),Quad City DJ's,Get On Up And Dance,451440,52,False
2wLzfdCL6lVmUXySZlPVwa,Lo que Quieras de Mí,Odisseo,Cambio Estacional,239346,47,False
4LwU4Vp6od3Sb08CsP99GC,The Next Episode,"Dr. Dre, Snoop Dogg",2001,161506,81,True
4QgFrf9Giqv3NLUSGaVeMk,Memoria Futuro (Cap. 10),Siddhartha,MEMORIA FUTURO,196212,52,False
4yG7J0NdjBVsM77nw24WIz,Horror Amor,$6 Million Dollar Weirdo,Ep1,227600,41,False
5hTpBe8h35rJ67eAWHQsJx,Caroline,Aminé,Good For You,209640,71,True
6ZU9RJIZ0fNaFuQM57bDIA,Bombtrack,Rage Against The Machine,Rage Against The Machine,243760,51,True
6tpmKSPJUIR956ahXAhsy3,De Alcatraces y Estampidas,"Tessa Ia, Luis Humberto Navejas",De Alcatraces y Estampidas,198475,34,False
7M7JoUrp1nxDYxkpsuT6WG,PAZ,Surely Tempo,PAZ,108324,37,False
1QsJ5xx2pNeHKAcukhyZHi,Contigo,Montevideo,Montevideo,230667,32,False
2qlBAT108lYOzlXhBxBqEv,"Home (Metro Boomin & Don Toliver, Lil Uzi Vert)","Metro Boomin, Don Toliver, Lil Uzi Vert",METRO BOOMIN PRESENTS SPIDER-MAN: ACROSS THE SPIDER-VERSE (SOUNDTRACK FROM AND INSPIRED BY THE MOTION PICTURE),195320,66,False
0TpJF2IIk9idRMJuSSXMLh,Aloe Lite,Good Kid,Good Kid 2,149292,57,False
20OFwXhEXf12DzwXmaV7fj,Bad Moon Rising,Creedence Clearwater Revival,Green River (Expanded Edition),141600,84,False
6B9hQU3z8L6u8Yd3qHLuhe,Silly Girl,Descendents,I Don't Want to Grow Up,145026,49,False
6K2UZbqrvvF34OYq70xHz5,Save Your Love,Ley Soul,Save Your Love,250105,36,False
0EGpd2e1zLxHUACEucglEO,dame tu amor,ARIEL,dame tu amor,163177,32,False
0JT5LcVSWClbT6hGi6azBZ,Más,Juanes,Vida Cotidiana (Deluxe Version),232813,30,False
1lLQoSVxRLl6J2O7OlWL6w,"Fuck tha Police - Live at the benefit concert for Mumia Abu Jamal, Washington, D.C. - August 1995",Rage Against The Machine,Live & Rare,245466,42,True
5F6ekGcdu623mkhTVgk64Z,Amtrak,Los Retros,Looking Back,176751,67,False
2Lumsra3kuU61wXkEKzKaK,Disco,Surf Curse,Disco,152760,70,False
21AJQhGZpujjZQXByZAXpr,REPEAT IT (with Gunna),"Lil Tecca, Gunna",REPEAT IT,190344,62,True
4Zjdzxx0dsavsr7Ehr8fGE,Prospect (ft. Lil Baby),"iann dior, Lil Baby",Prospect (feat. Lil Baby),226313,2,True
5HkvsZyaMPwhq38v0o8kAf,Nena,Malo,Malo,389533,34,False
5R1smR0BXlOZ3qfQ8vF5Jh,Quiero Conocer Tu Mundo,Fármacos,Estado de Gracia,230133,47,False
0RitOSkVYKplZ53BgJd1rY,Slump,"NxxxxxS, Freddie Dredd",Short Term Agreement,97188,52,False
605QBjMSUyvXD5DKgjm8dT,Velur,Zoé,Velur,249520,37,False
2YiqBesMJpszYU6raDOG0R,Hielo,Zoé,Aztlán,302840,60,False
46RX9nBiD5Ygqeiwz4Hl6C,Es por Ti,Los Romanticos de Zacatecas,Ya Lo Dijo Rufis Taylor,145306,39,False
4llunZfVXv3NvUzXVB3VVL,Maria,Rage Against The Machine,The Battle Of Los Angeles,228093,45,False
6KVK1XO1Xzy7KGfoOockqA,Vámonos De Viaje,Bandalos Chinos,BACH,236000,64,False
6QkOMriITXf0oqpga33HnP,meet me in brooklyn,Yaya Bey,Remember Your North Star,89616,68,False
6iYDPqEWXYW0LV8ne4xwjR,Back to Your Love,Night Riots,Young Lore,195528,45,False
02rdXe0KhMe8p6ZHzYtuw0,lost souls (with Brent Faiyaz),"Baby Keem, Brent Faiyaz",The Melodic Blue,269727,69,True
2wRHD4n81GyhlVMxYJ0nks,See You Space Cowboy...,Logic,Bobby Tarantino III,240228,44,True
3PYx9Wte3jwb48V0wArMOy,Keanu Reeves,Logic,Confessions of a Dangerous Mind,225920,60,True
4IMBNHCtJWAAqEoOktyl3a,Únicos,Siddhartha,Únicos,252840,67,False
7MTX3vevnm41xuEoPxWT3j,Year of the Cat,Al Stewart,Year of the Cat,400066,58,False
06Uf07WcGNg1MFdgvYazdX,Blood Wolf,Dance Gavin Dance,Blood Wolf,231500,39,False
0gWvVB4bGvADocoPMEDy3K,The Crystal Ship,The Doors,The Doors,152000,62,False
1h4XVjt26ZCDKmeEoHxT07,Gimme Little Sign,Brenton Wood,Oogum Boogum,141329,61,False
22zi7jsoqwt8CQfFfQzT2m,Monstruos,SERBIA,Monstruos,289840,37,False
6CKlCWBY885ja7Fz2EQjdE,Homografobia,Enjambre,Enjambre Y Los Huéspedes Del Orbe,161733,49,False
7JFcITpL0mj6FacNcKEW2m,Cuernavaca,Los Plastics Revolution,Super Seres de Mundos Extraordinarios,173272,38,False
7xCcUcMcGsIYGKUVgBZUw5,We Own the Night,Dance Gavin Dance,Instant Gratification,205706,66,False
0qXP5fMhxGzxALOkXYUxfP,Loverboy,A-Wall,Helios,224520,69,False
1lCC3flXDsXQrNPcvDojuI,Vietnow,Rage Against The Machine,Evil Empire,277333,55,True
4DVpcwb60I3PMuyitCHtUV,Santo Niño De Atocha,Molotov,Sólo D’Lira,206382,44,True
5Ru9OjtEw5htfnVKpYsIcv,UMI Says,Mos Def,Black On Both Sides,305280,54,True
0OojypZ1LoyGq5DDnnPfaZ,Esto Aún No Acaba,DRIMS,Esto Aún No Acaba,228400,22,False
3DdOsUq1M9mJBFVR0xbSOx,Without a Face,Rage Against The Machine,Evil Empire,216906,45,True
4CoJ7RN7myJHXYIx1pB8IF,Los Imanes,Odisseo,Cambio Estacional,218175,60,False
7FRfYOql61DGDp9VPPe2qA,Down In A Hole (2022 Remaster),Alice In Chains,Dirt (2022 Remaster),338226,66,False
4J22WG9YKnsVJA4470wOUz,Sombras En El Frio,Inspector,Alma En Fuego,153946,32,False
5YgpBbSqDc50OOVDahLoJZ,Que Te Vas,T3R Elemento,Our Wave Nuestra Ola,206338,65,False
6Kiffo1xFY46yVFlhKVjvA,"Tonight, Tonight",Dion,Lovers Who Wander,159546,34,False
6gZVQvQZOFpzIy3HblJ20F,Man in the Box,Alice In Chains,Facelift,285200,78,True
7N3PAbqfTjSEU1edb2tY8j,Jump - 2015 Remaster,Van Halen,1984 (Remastered),241599,78,False
2sKaXDqym2z3xae2UvVHJi,Two Secret Weapons,Dance Gavin Dance,Jackpot Juicer,210291,0,True
3G3lahQSMk4BHnap1i853u,Supersonic,J.J. Fad,Supersonic The Album,232306,50,False
3e7Y6sfFlIdBMJhX7wpqVO,44 More,Logic,Bobby Tarantino II,188600,63,True
7Bpx2vsWfQFBACRz4h3IqH,family ties (with Kendrick Lamar),"Baby Keem, Kendrick Lamar",family ties (with Kendrick Lamar),252069,71,True
0GWkuPr946cYbOMRkrbw4e,Como Tú (Magic Music Box),León Larregui,Rock en español,232120,47,False
16U1C1VQYroAaCvqZq2oO8,Riot,Lil Skies,Unbothered,166457,53,True
1Ob57NqUydp5cC3FCNV4Gy,I Feel You - 2006 Remaster,Depeche Mode,Songs of Faith and Devotion (2006 Remaster),276080,40,False
1prZ0pr6XoRCxcrC3MCL0M,Everywhere,Fleetwood Mac,Greatest Hits,222733,69,False
24yOsbRvviZu3tvsHYr1O7,"Soy Así, Vagabundo Y Andariego",Diego Verdaguer,El Secreto Callado (Remastered),211853,38,False
2BWTYAiWbBGCJeKbQ6rpFA,Fuera de Lugar,"Little Jesus, Girl Ultra",Disco de Oro,196560,54,False
3Ps0JFaxBuamCoQTx6X8LT,Beverly Hills,Shaboozey,Beverly Hills,138318,54,True
3SlKme42qm1vWrkl3BrZmm,Nos Comemos Vivos,"Maluma, Chencho Corleone",Nos Comemos Vivos,225365,61,False
3YuaBvuZqcwN3CEAyyoaei,Like a Stone,Audioslave,Audioslave,293960,78,False
3d9DChrdc6BOeFsbrZ3Is0,Under the Bridge,Red Hot Chili Peppers,Blood Sugar Sex Magik (Deluxe Edition),264306,83,False
4iAxPnWPSym9LJaOpU4Puq,Vuelo,Juanes,Vida Cotidiana (Deluxe Version),166626,27,False
4mTsRdFE28MYlrZo8N4Es0,La Costa Del Silencio,Mägo de Oz,Gaia,280868,66,False
5TfPnG96tAhiYodEF47T59,Enemigo,Enjambre,Daltónico,234631,51,False
62xokumU0wMqOSsBuefhmB,Te Alejas Más De Mí,"Esteman, Daniela Spalla",Si Volviera A Nacer,219720,68,False
6D0VH9FLxbNQVUUBGlXcsJ,Todas Las Chicas,DRIMS,Todas Las Chicas,227680,36,False
7GVXXI9F3Wv3oNZIyTHf7v,Últimas Palabras,Los Mesoneros,Pangea,212666,49,False
4jKX16TcfQIrqY1ZzDIZb2,Bonita - Remix,"J Balvin, Jowell & Randy, Nicky Jam, Wisin, Yandel, Ozuna",Bonita (Remix),322906,54,False
2dshtwEGNpyrE0x69wUiHj,Deep in the Water,Don Toliver,Deep in the Water,170453,77,True
3MGDv6Hjk4V8IzfsN1B4gh,Where Do We Go from Heaven,The Mighty Lemon Drops,Laughter,339400,13,False
5rurggqwwudn9clMdcchxT,"Calling (Spider-Man: Across the Spider-Verse) (Metro Boomin & Swae Lee, NAV, feat. A Boogie Wit da Hoodie)","Metro Boomin, Swae Lee, NAV, A Boogie Wit da Hoodie",METRO BOOMIN PRESENTS SPIDER-MAN: ACROSS THE SPIDER-VERSE (SOUNDTRACK FROM AND INSPIRED BY THE MOTION PICTURE),219453,76,False
1A3tuE6ti9qoZDwB3LB0t2,I Think I Like When It Rains,WILLIS,Locals 2,278293,72,False
54Epv2Jzg8vuDq9KFgcyWe,The Robot vs. Heroin Battle Of Vietnam,Dance Gavin Dance,Whatever I Say Is Royal Ocean,184733,32,False
59dQBj2AgSYAMVlCFPmjxo,Amores Prohibidos,Juanes,Vida Cotidiana (Deluxe Version),195440,31,False
7zBPzAjKAqQpcv8F8GCq5s,Uber Everywhere,MadeinTYO,Uber Everywhere,153428,52,True
0k7Qyc2J6cUryNNhf0pPEL,Ok 4 Now,Lil Skies,Shelby,164623,50,True
119c93MHjrDLJTApCVGpvx,"C.R.E.A.M. (Cash Rules Everything Around Me) (feat. Method Man, Raekwon, Inspectah Deck & Buddha Monk)","Wu-Tang Clan, Method Man, Raekwon, Inspectah Deck, Buddha Monk",Enter The Wu-Tang (36 Chambers) [Expanded Edition],252026,75,True
1AYFgqbN7PuAFQ9gBf6DFx,Fuma,"Technicolor Fabrics, Siddhartha",Bahía Santiago,192027,58,False
1XTGyfJeMiZXrZ1W3NolcB,Know Your Enemy,Rage Against The Machine,Rage Against The Machine - XX (20th Anniversary Special Edition),294506,64,True
1ihvIJGtSCKytYPWlzzDV4,Prefiero No Saber,Los Mesoneros,Pangea,166706,48,False
2PpruBYCo4H7WOBJ7Q2EwM,Hey Ya!,Outkast,Speakerboxxx/The Love Below,235213,84,False
3HtazJXet39mz8SqZwm5NP,11:11,Dinosaur Pile-Up,Eleven Eleven,244677,45,False
3YEk8mVdMI7rxtfimlUd1G,Fistful of Steel,Rage Against The Machine,Rage Against The Machine,331106,44,False
3lN8PP6R2IxbLP05QpYXng,Born To Be Wild - Single Version,Steppenwolf,Steppenwolf,212893,69,False
3zyZxf62lWjIKJOh6LyjBe,Algo Bueno,Los Mesoneros,Caiga La Noche,175133,41,False
4SDywo3ykB2PEthjXvo1UP,I Put A Spell On You,Creedence Clearwater Revival,Creedence Clearwater Revival (Expanded Edition),271786,63,False
5cUJtPvqRfXRAj9yQR8iRJ,Falacia,Enjambre,Enjambre Y Los Huéspedes Del Orbe,161666,49,False
5dFG12OQz10CbUFZIYH0gv,Un Millón,The Marías,CINEMA,167386,59,False
5jyhSeodFby8F8inPuO5UY,Factores,Primavera Club,Factores,237245,39,False
6J1S8dFlnAcNgl7nHPB1XJ,Mejor Que Nadie,Technicolor Fabrics,Mejor Que Nadie,280263,39,False
6vI3Iph9igtX6JSDKpxW3F,Puzzle Pieces,Tiger Trap,Tiger Trap,150106,30,False
677JgoOZDphMZHkVEltWJB,Graffiti,Maximo Park,A Certain Trigger,185266,39,False
04ZstZIjwSRoXAGix50GPT,Elsa,Los Destellos,Mundial....,220101,48,False
14zhqtMI5xHrfCFCLhFcsn,Dreams,Beck,Colors,314486,55,True
36450u59Jx74cVCRy3NbjZ,Pendejo,Molotov,Sólo D’Lira,186389,42,True
5QoFWpXoaUyT44VmR98wLl,Suavecito,Malo,Malo,395200,53,False
5wfllwdjglyQislkskYLBv,Day 'N' Nite (nightmare),Kid Cudi,Man On The Moon: The End Of Day (Deluxe),221240,72,False
2a1oufthlxOkH8yjhYAvgH,Cumbia A La Gente,"Guaynaa, Los Ángeles Azules",Cumbia A La Gente,208400,57,False
6f44p3Kc4ayD9VtbC9Clkr,"Come On, Let's Go (with Nigo)","Tyler, The Creator, Nigo",I Know NIGO!,199500,64,True
0Pu71wxadDlB8fJXfjIjeJ,Shoop,Salt-N-Pepa,Very Necessary,248573,71,False
0tAxedQQR6bPR26BlfZ8d2,Amor de Internet,Los Socios Del Ritmo,Amor de Internet,230226,66,False
1VcIbyyDX8j0GNxSlsRFeJ,Slow Hands,Interpol,Antics,184133,62,False
1Z6NUe88dVXBDpWiWpSpie,Somos Ajenos,Enjambre,Enjambre Y Los Huéspedes Del Orbe,204880,66,False
2WPxFf05MYsEHQCxonA1vS,Mi Niña Mujer,"Los Ángeles Azules, Ha*Ash",De Plaza En Plaza (Cumbia Sinfónica/Deluxe),194106,56,False
3ZOEytgrvLwQaqXreDs2Jx,Can't Stop,Red Hot Chili Peppers,By the Way (Deluxe Edition),269000,84,False
61Od02a9dXArdW9bBCKUPp,sanjake,cleopatrick,sanjake,182885,46,True
66wc0nPLPztqdyjEdWzPRP,Commitment,Luna Luna,Carousel,247302,47,False
6SHhJRO1fjwGiozJJD7eGZ,Tú Me Vuelves Loco,Timbiriche,Timbiriche 9,173226,39,False
6rC2RIItLjtOEZjjnNuGEd,No Terminamos de Terminar,"Los Mesoneros, Big Soto",No Terminamos de Terminar,174140,39,False
06JokgprGDKrtZ1eP6z2CQ,Take Good Care Of My Baby,Bobby Vee,Take Good Care Of My Baby,149800,58,False
0HCaEijRKhH0ZYEE86KGKW,Semilla,Juanes,Vida Cotidiana (Deluxe Version),196226,28,False
0O45fw2L5vsWpdsOdXwNAR,SexyBack (feat. Timbaland),"Justin Timberlake, Timbaland",FutureSex/LoveSounds,242733,80,True
0otlwsD3mSogk7VJCTp6Kg,Let My Love Open The Door,Pete Townshend,Empty Glass,164653,60,False
1456ciiC2PUVLqj7fhqTXi,Levitando,Technicolor Fabrics,Presente,184555,40,False
16JecUHKjInnRdyTOJXihg,Elesdí,Señor Kino,Colores,209877,35,False
1IDAJagxB9AQjjYXaiDK1j,Know Your Enemy,Rage Against The Machine,Rage Against The Machine,294693,48,True
1Y373MqadDRtclJNdnUXVc,Paranoid - 2012 - Remaster,Black Sabbath,Paranoid (Remaster),168405,74,False
2XQaTo0yaAngF5GZYunMfE,Dime Cómo Tu Quieras,Los Mesoneros,Pangea,188813,50,False
343YBumqHu19cGoGARUTsd,Fake Love,Drake,More Life,210937,73,True
3Y7PAH3mOqLGSMp5O5uZFj,Película (Cap. 3),Siddhartha,MEMORIA FUTURO,252547,56,False
3r3vLq7j8DZe1ZVExmuf3h,La Vida Es Una,KAROL G,Puss in Boots: The Last Wish (Original Motion Picture Soundtrack),189550,46,False
3u0F4k8g0uuGUOjsJa5gT2,"Fallout (with Gus Dapperton, Lil Yachty & Joey Bada$$)","Lyrical Lemonade, Gus Dapperton, Lil Yachty, Joey Bada$$",All Is Yellow,217384,55,True
4ebcE2SmkG7nplvzFAWRu7,What I Like About You,The Romantics,The Romantics,175266,67,False
5tnGoXhKnh5WpMX4BfMCiR,Kill4u,Lil Skies,Life of a Dark Rose,180539,46,True
62I8KqQpGiLMILg0JxsSba,"First Night (with Teezo Touchdown, Juicy J, Cochise, Denzel Curry & Lil B)","Lyrical Lemonade, Teezo Touchdown, Juicy J, Cochise, Denzel Curry, Lil B",All Is Yellow,217816,56,True
7mAkuCp7tAULIyC1TdQSWs,Troca,"Thalia, Ángela Aguilar",Troca,147235,58,False
7uzmGiiJyRfuViKKK3lVmR,Mine,Bazzi,COSMIC,131064,73,True
6y6xATSjOC2EpMTJh51R4v,Monterrey,"Guaynaa, Pain Digital",Monterrey,164800,43,False
08NlZMpzLHxrk3kfSA4ebB,Die Another Day,Dance Gavin Dance,Jackpot Juicer,221282,55,True
7JBu79T29wsIkNGk2ubWxr,DRANK TALK,Lil Skies,Out Ur Body Music,181621,51,True
6grtIVjVPuZWup0fIXF900,Gimme Tha Power,Molotov,Donde Jugaran Las Niñas,250640,56,True
0wwPcA6wtMf6HUMpIRdeP7,Hotline Bling,Drake,Views,267066,79,False
1p4rYrxjVkj6v2eMzRhLfA,Arrullo De Estrellas,Zoé,Programaton,252693,70,False
3CaGgDsUuBw69wSWtTA8gk,In My Eyes,Rage Against The Machine,Renegades,174333,38,True
41wtwzCZkXwpnakmwJ239F,Si Veo a Tu Mamá,Bad Bunny,YHLQMDLG,170971,77,False
4iz9lGMjU1lXS51oPmUmTe,Homecoming,"Kanye West, Chris Martin",Graduation,203493,83,True
7cDzJyC95jtGO9zAeZsWOg,Kiss on My List,Daryl Hall & John Oates,Voices,264986,65,False
7cDxjUnMitNKQC5c8RQUko,Black Magic Woman / Gypsy Queen,Santana,Abraxas,319773,57,False
0YpmF3aZXOIuyi8itZbpkp,The Zoo,Scorpions,Animal Magnetism,330533,54,False
11EnQRgRMJwMAesfkB5pnu,Se Te Nota (with Guaynaa),"Lele Pons, Guaynaa",Se Te Nota (with Guaynaa),155825,69,False
3I0UsenRbVz54ypUDOfzGW,Amigos Nunca,Los Askis,Pasión Y Cumbia,186133,59,False
3XJmD5suzFUBHJ7sizBAiy,La Magia,Little Jesus,Río Salvaje,245373,64,False
3nsJGZ5RV2ZHkbKvD771gU,Ooo Baby Baby,Smokey Robinson & The Miracles,Going To A Go-Go,164160,66,False
6WrnSlcN0dzTO80mVVbBto,Do You Want To,Franz Ferdinand,You Could Have It So Much Better,215000,62,False
6jPW9rXo1uM7zYBro6xaNa,Cambiante,Enjambre,Daltónico,190368,45,False
3cjF2OFRmip8spwZYQRKxP,Feel No Ways,Drake,Views,240653,75,True
067myxyF0oOrjlStXYE3gW,Sanguijuela,Enjambre,Daltónico,186414,49,False
0Odu228D0yGcFySGuxU4rY,The Take (feat. Chris Brown),"Tory Lanez, Chris Brown",Chixtape 5,221492,69,True
0RdUX4WE0fO30VnlUbDVL6,Still Loving You,Scorpions,Comeblack,403453,73,False
0TJJXZHUu2qqwCCQzgRhHm,Incendio,Surfeadores Rosa,Incendio,172037,15,False
0llXG2KrSGVjW3fVJrrmcE,Días De Fuego,Odisseo,Días De Fuego,185640,57,False
0vGyXveSjPnALkLiqfZDOg,Since I First Met You,The Robins,Rock & Roll - The Best of The Robins,140773,38,False
117LA4c5O1XWnU2GtEFTKP,Goldrushed,The Royal Concept,Goldrushed,226906,39,False
1YDebgap5OFwXEBG18NJvy,Red Light Green Light,DaBaby,Red Light Green Light,159082,62,True
1Yc1mFmJrICDHQNzePG9wP,I Must Be High,South Park Mexican,Never Change,284400,63,True
1dm6z1fWB0cErMszU25dy2,Después de la Playa,Bad Bunny,Un Verano Sin Ti,230400,76,False
1hj6nYHeGclSY0VNTHMi27,Amante Bandido,Miguel Bosé,Bandido,261360,64,False
1hy7DA8yGAwsnsvAKh8lBe,Tokyo,Young Tender,Rotos,224854,46,False
1oTHteQbmJw15rPxPVXUTv,Insane in the Brain,Cypress Hill,Black Sunday,208266,74,True
263aNAQCeFSWipk896byo6,Friday I'm in Love,The Cure,Wish,214400,69,False
2IHaGyfxNoFPLJnaEg4GTs,"What Is Love - 7"" Mix",Haddaway,The Album,270373,53,False
2PpNgmrS9mAyrkRAwn6YPq,Rainbow in the Dark,Dio,Holy Diver,256933,62,False
2Qx06bf3RfUfpRF60aOQsI,You're Sleeping,Tiger Trap,Tiger Trap,149066,31,False
2Xh7dyCHCErCv3PmdVEGw4,Rabiosa (feat. Pitbull),"Shakira, Pitbull",Sale el Sol,170600,69,False
39shmbIHICJ2Wxnk1fPSdz,Should I Stay or Should I Go - Remastered,The Clash,Combat Rock (Remastered),188986,82,False
3GdWfmQBiiJrDUvSZS1bGv,Never Sleep (with Lil Baby feat. Travis Scott),"NAV, Lil Baby, Travis Scott",Never Sleep,185785,64,True
3KHbBpwYdlM6uKJirvCrEA,Determination,Toby Fox,UNDERTALE Soundtrack,50347,49,False
3hFv8qZFF5m0u0fYA5ben4,Cruisin’ Through the Universe (feat. RZA),"Logic, RZA",College Park,189988,37,True
41oesVXPzLRn2obIcfgqeE,Psykonaut,Slomosa,Slomosa,377199,31,False
476PoCTZZIKdOxHOYYCFzz,Send Her My Love (2023 Remaster),Journey,Frontiers (2023 Remaster),234360,55,False
47oS7xB31QQUyPCgHpM3VZ,Canned Heat,Jamiroquai,Synkronized,331760,67,False
48QuzSy7si5eW5MNvEEqF3,Ruleta,Technicolor Fabrics,Ruleta,280973,37,False
4IHc6SzGPnzSPuHVEPzpJc,Wouldn't It Be Nice,The Beach Boys,Pet Sounds,153240,74,False
4NeOWqHmlrGRuBvsLJC9rL,My Love (feat. T.I.),"Justin Timberlake, T.I.",FutureSex/LoveSounds Deluxe Edition,276160,77,False
4W4wYHtsrgDiivRASVOINL,Love Shack,The B-52's,Cosmic Thing,320680,72,False
6Ur6u4Ici7NYBiuGEEkNMP,Flooded,Lil Skies,Shelby,115722,46,True
6Z1bfW25Q9F5mgZwrh1fqp,When I Was Yung,Yung Pinch,714Ever,223384,43,True
7GjQaDCkilmYWzK0yf60xe,GOOD GRIEF,cleopatrick,BUMMER,178388,47,True
7LhXUiJAK8gSjie1xyjptC,Asesina,Okills,América Supersónica,282680,40,False
1PS1QMdUqOal0ai3Gt7sDQ,Gold Digger,"Kanye West, Jamie Foxx",Late Registration,207626,82,True
2c00tSu4BVT2XueXbkCcsK,I Am in Love,Jennifer Lara,Studio One Presents Jennifer Lara,318493,40,False
4kUZvXB3LC3an3HX6h0s17,Cudi Montage,KIDS SEE GHOSTS,KIDS SEE GHOSTS,197000,60,True
1Lhwn4PqeGpM4LTVUowW76,You Rock My World,Michael Jackson,Invincible,337733,69,False
2IkQorSZ5azdJwdIwdMAu1,Death of the Robot with Human Hair,Dance Gavin Dance,Acceptance Speech,307066,31,True
2NsMwNWumJXCdTg2IZCLZ5,Lento,Julieta Venegas,Si,239226,71,False
2cX2coZS1PYBfPs8wgbdWE,More Than A Woman,Bee Gees,How Can You Mend A Broken Heart,196213,70,False
2t0tVmiSkHWvKgojpjO21Z,Maggie's Farm,Rage Against The Machine,Renegades,394400,52,False
5JEZevevEmF725NxEBhfBT,Street Fighting Man,Rage Against The Machine,Renegades,281693,38,False
683b4ikwa62JevCjwrmfg6,Moondance - 2013 Remaster,Van Morrison,Moondance (Deluxe Edition),274040,68,False
6fyj12D82DuD0U7tVUMujZ,When the Lights Go out - 2018 Remaster,Naked Eyes,Naked Eyes,182560,48,False
6kcHg7XL6SKyPNd78daRBL,Sweet Talk,Saint Motel,saintmotelevision,192040,64,False
7Et3UkjbCjRhRaACPBXRQg,Te He Prometido,Leo Dan,Canta Trovador,187173,73,False
7rhKh1Ool2Yel5JXmiemZB,Manía Cardiaca,Enjambre,El Segundo Es Felino,248773,65,False
01UYpHuzHi4eB9PAbDoPY2,Summer Breeze,Seals and Crofts,Seals & Crofts' Greatest Hits,205480,63,False
0KdTs8DIDALkkxmbqGJQvr,Hablando Lento,Odisseo,Cambio Estacional,216459,52,False
0TfuaYHjjwqt1Ssc46spD8,Acostúmbrame,SERBIA,Secretos del Sol,203653,40,False
1BzXvBpIFWJgu0P8P6xmP4,Stick (with JID & J. Cole feat. Kenny Mason & Sheck Wes),"Dreamville, JID, J. Cole, Kenny Mason, Sheck Wes",D-Day: A Gangsta Grillz Mixtape,309322,63,True
3HCDGtLZabH3umLgwCBpDB,Send Me An Angel,Real Life,Heartland,232631,60,False
3hoUASQwAAUwpQGXH8VioM,The Sky Is Fallin',Queens of the Stone Age,Songs For The Deaf,375866,47,False
4KQ8pDFCIgWpT7TY1Uf8TN,Como Una Novela,Los Acosta,Íconos 25 Éxitos,224293,55,False
5qxChyzKLEyoPJ5qGrdurN,No Sleep Till Brooklyn,Beastie Boys,Licensed To Ill,246933,71,True
5sFDReWLrZHLFZFjHsjUTS,Would? (2022 Remaster),Alice In Chains,Dirt (2022 Remaster),206773,77,False
033BH9v7RyCCdHzgxyiU5R,Murasaki,"Comisario Pantera, Luis Humberto Navejas",Murasaki,213133,43,False
0ERbK7qVqveCaBWIiYCrl3,Bella y Sensual,"Romeo Santos, Daddy Yankee, Nicky Jam",Golden,204700,72,False
0S3BtG3i5tkQmehJhIhHF3,Time (You and I),Khruangbin,Mordechai,342189,62,False
0h5ww1pFPyOL3UUbi1td30,Kiwi,Quarters of Change,Kiwi (feat. Juice),332215,52,False
0hCHNYL8ApQCGNwJrYN1FY,Bad Girls (feat. Gucci Mane),"Lil Skies, Gucci Mane",Shelby,219663,49,True
0hxHatHRsTDFNZ2Ruw47n3,Man In The Wilderness,Styx,The Grand Illusion,350866,42,False
0mP1QwZ151ixQtfTv8i03O,Amanecer,DRIMS,Amanecer,246120,36,False
1996GjeJ5X2eekrXatFiYF,Los Años Maravillosos,Little Jesus,Disco de Oro,263226,41,False
1WWgMk8nD79p8VeKFGYrOw,Bullet In The Head,Rage Against The Machine,Rage Against The Machine - XX (20th Anniversary Special Edition),306680,59,True
2OyaNAq8BcGstyzueloqpE,Too Late To Turn Back Now,Cornelius Brothers & Sister Rose,The Story Of Cornelius Brothers & Sister Rose,198693,59,False
2mDa5vgAKN2yCSbkneXvIF,Exonerate,The Hails,Exonerate,189983,19,False
3CmcswzHOACDjooV1KLULN,Better Distractions,Faye Webster,I Know I'm Funny haha,249985,58,False
3Fzlg5r1IjhLk2qRw667od,Dancing in the Moonlight,Toploader,Onka's Big Moka,232693,81,False
43LjRHyyetSWnPpW7CWThG,Do You Believe In Love,Huey Lewis & The News,Picture This,209000,62,False
47OEl1PttAFxNEf9KRmx23,Devils Haircut,Beck,Odelay,195440,53,False
4VzSsGiU16ph3mUiQzBKD3,Sippin' on the Daylight,The Hails,He Seems Upset,200021,37,False
4ZT9FnbFu1PaBfV3itxiqT,I,Lil Skies,Shelby,181890,68,True
4djIFfof5TpbSGRZUpsTXq,Talk Too Much,COIN,How Will You Know If You Never Try,187133,70,False
5KGfOdrnPFvqT45NLHSEmT,Celos,Fanny Lu,Dos,174173,61,False
5eoZTdiq4C4aoEfUwAN0ha,"The Good, the Bad and the Dirty",Panic! At The Disco,Death of a Bachelor,171520,58,False
5jhfa76FhqtD3Boij6MAKS,Love You Madly,CAKE,Comfort Eagle,237807,57,False
5qzLdvRViHUrRNdkpakG7C,BATICANO,Bad Bunny,nadie sabe lo que va a pasar mañana,256000,70,True
61og03io9xPCosu9rkgh1t,Venus,Zoé,Aztlán,254706,60,False
6QPfde4se5bL2IgCeKHTym,escalon,Shiro SAGISU,TV Animation BLEACH Original Soundtrack 3,223946,53,False
6iX1f3r7oUJnMbGgQ2gx1j,867-5309 / Jenny,Tommy Tutone,Tommy Tutone - 2,226200,62,False
6r46lnXFbE9fr2d3KNaGbe,Imitadora,Romeo Santos,Golden,234828,79,False
7lQ8MOhq6IN2w8EYcFNSUk,Without Me,Eminem,The Eminem Show,290320,88,True
7zmleW3XZx0uUsL2CkFuDe,SUMMER,The Carters,EVERYTHING IS LOVE (Clean),285200,53,False
3O8NlPh2LByMU9lSRSHedm,Controlla,Drake,Views,245226,74,True
4atMrAadB7dS8xn9vfk9PQ,Fireside,Arctic Monkeys,AM,181049,67,False
3d0KP3dmQ4CxtVFMIHoMzF,Amarren Al Perro,Molotov,Sólo D’Lira,191491,36,True
6aBUnkXuCEQQHAlTokv9or,This Must Be the Place (Naive Melody) - 2005 Remaster,Talking Heads,Speaking in Tongues (Deluxe Version),296146,72,False
0M7wMmWaB3ZIkGuRFE4457,How,The Cranberries,"Everybody Else Is Doing It, So Why Can't We?",171840,49,False
0tgFHDNf2ZNeY1J90oGbUW,fafo,Zack Fox,shut the fuck up talking to me,158466,0,True
4xcYpxA5603bWGjlZfN56p,ゾウ,H ZETTRIO,ゾウ,214000,17,False
0byNXa1Fvkvdjaz9tjb15r,The Robot with Human Hair pt. 4,Dance Gavin Dance,Acceptance Speech,213240,34,True
1VdPpC0YxGo5uvOhbsWA8Z,Down On The Street,Rage Against The Machine,Renegades,218666,38,False
58cvckETahSOG74RP5WE99,State Of Emergency,"Logic, 2 Chainz",Bobby Tarantino II,154373,45,True
63USmok1OioBzKuWGW9wAg,Nunca Es Suficiente,"Los Ángeles Azules, Natalia Lafourcade",Esto Sí Es Cumbia,266213,67,False
6FRwDxXsvSasw0y2eDArsz,Sunshine Of Your Love,Cream,Disraeli Gears,250000,63,False
6St9CXbwvRkP9gHgbuC0mY,Quiero Saber De Ti,Xochilt,Lo Nuevo Y Lo Mejor,228680,65,False
6iPDBwtiOZGlfQt9HD0jAG,Un Sueño,Los Angeles De Charly,Un Sueño,225360,72,False
02361EnoHJ05xGEi1VDcpR,Borders,The Sunshine Underground,Raise The Alarm,242360,34,False
0BKJNlqLlNvvIunfg2BPCg,Dulce Soledad,Enjambre,Daltónico,224085,68,False
0iFlO6zAJQf5tAwScQXWOx,Amanece,Caifanes,Caifanes,193760,51,False
0yV4ILx3gz2fX2Yj8n8NxU,Nada,"Zoé, Bunbury",Godínez del Rock,260439,22,False
190IqlryWu91WBKeDgZqZz,Only in My Dreams,The Marías,"Superclean, Vol. I",170893,69,False
1cIi1x8ANjMO97wH5OfYO1,Leave Me Alone,I DONT KNOW HOW BUT THEY FOUND ME,RAZZMATAZZ,215644,55,False
1e4rwBPVI32vZtTJu7mJ4J,Chun-Li,Nicki Minaj,Queen,191600,68,True
1kOzw10XqOtFA7Qar4Bjpu,Véngase I,Rawayana,Trippy Caribbean,262771,57,False
256iSpPtbeB473PZ9gtlsL,Fuma,"Technicolor Fabrics, Esteman",Fuma,199200,28,False
30KctD1WsHKTIYczXjip5a,Tequila Shots,Kid Cudi,Man On The Moon III: The Chosen,193293,68,True
3LLMudAmQlHRqmD5BG3CQS,Espiral,Porter,Donde los Ponys Pastan,322013,54,False
3Q9aU1vYLq6vlPHXwfoFGG,Siempre Tú,Enjambre,Próximos Prójimos,191240,56,False
4nXkbcTj3nyww1cHkw5RAP,Long Train Runnin',The Doobie Brothers,The Captain and Me,207266,72,False
4xESGV2GFN86QyEaeRJMIm,Néctar,Enjambre,El Segundo Es Felino,186240,46,False
57Xjny5yNzAcsxnusKmAfA,Reptilia,The Strokes,Room On Fire,219826,79,False
5EW2czprA3Pf7ctNFkoOdZ,Numb,"Rihanna, Eminem",Unapologetic (Deluxe),205066,42,True
5vAm3QwttS8NHWBrM3N6zC,Wake Up (feat. Lucy Rose),"Logic, Lucy Rose",College Park,178181,39,True
5vuHtgdiZK07Mf45kHCNNj,Gavilán O Paloma,Grupo Cañaveral De Humberto Pabón,Disco Cumbia México (2),234760,32,False
6Kmh3xMuKdT3elxaKMtr4d,La Luz,Juanes,Loco De Amor,176986,49,False
6if7CB5PktyxNQaVSyGwQJ,Legend,Dance Gavin Dance,Instant Gratification,204560,39,False
7iEHCU1oYlqg3PloCa9uXW,Latin Thugs,"Cypress Hill, Tego Calderón",The Essential Cypress Hill,227173,48,True
04Sxh0TA31vCCchquX3hTP,Screwed,"Spiral Drive, Mother's Cake",Screwed,227414,12,False
0eNi4glGp41DuxGyYdQcga,Love Is Like Oxygen - Remastered,Sweet,Hits (Special Edition) [Remastered],254109,40,False
12uCHNPDQSDLMLVtz0zfEw,Tu Geografía,Indios,Indios,158840,67,False
14cVcUofLVCgyHqrA6bBOq,Dime Amor,Raymix,Oye Mujer (Deluxe Edition),256786,27,False
1Jmqubf9kGkWeYQXQKImL5,People Are Strange,The Doors,Strange Days,130173,76,False
1L4NadMj3Jj7YgGaikyhfr,"6 Consolations, S. 172: No. 3 in D-Flat Major (Lento, placido)","Franz Liszt, Daniel Barenboim",Liszt: Dreams of Love; Consolations; Sonnets of Petrarca; Rigoletto Paraphrase,254000,59,False
1OOtq8tRnDM8kG2gqUPjAj,Beat It,Michael Jackson,Thriller 25 Super Deluxe Edition,258040,76,False
1P4NeCeT76MGWkgVV8uRxP,Hands All Over,Soundgarden,Louder Than Love,360360,38,False
